<?xml version="1.0" encoding="UTF-8" ?>
<productinfo>
    <TWOWHEELER>
        <Servicename>CAR WASHING</name>
        <time>1 HOUR</time>
        <paymentmode>COD, ONLINE</paymentmode>
        <price>600</price>
    </TWOWHEELER>
    <TWOWHEELER>
        <Servicename>OILING</name>
        <time>1.5 HOUR</time>
        <paymentmode>COD, ONLINE</paymentmode>
        <price>500</price>
    </TWOWHEELER>
    <TWOWHEELER>
        <Servicename>ENGINE REPAIRING</name>
        <time>4 HOUR</time>
        <paymentmode>COD, ONLINE</paymentmode>
        <price>6000</price>
    </TWOWHEELER>
    <TWOWHEELER>
        <Servicename>RADIM WORK</name>
        <time>3 DAYS</time>
        <paymentmode>COD, ONLINE</paymentmode>
        <price>60000</price>
    </TWOWHEELER>
</productinfo>

