<?xml version="1.0" encoding="UTF-8" ?>
<productinfo>
    <product>
        <name>car washing</name>
        <time>1</time>
        <manufacturedate>12-mar</manufacturedate>
        <expiredate>15 mar</expiredate>
        <price>1600</price>
    </product>
    <product>
        <name>aa</name>
        <time>1</time>
        <manufacturedate>12-mar</manufacturedate>
        <expiredate>15 mar</expiredate>
        <price>160</price>
    </product>
    <product>
        <name>aa</name>
        <time>1</time>
        <manufacturedate>12-mar</manufacturedate>
        <expiredate>15 mar</expiredate>
        <price>160</price>
    </product>
    <product>
        <name>aa</name>
        <time>1</time>
        <manufacturedate>12-mar</manufacturedate>
        <expiredate>15 mar</expiredate>
        <price>160</price>
    </product>
</productinfo>

