<?xml version="1.0" encoding="UTF-8" ?>
<productinfo>
    <FOURWHEELER>
        <Servicename>BIKE WASHING</name>
        <time>1.5 HOUR</time>
        <paymentmode>COD, ONLINE</paymentmode>
        <price>600</price>
    </FOURWHEELER>
    <FOURWHEELER>
        <Servicename>OIL CHANGING</name>
        <time>1.5 HOUR</time>
        <paymentmode>COD, ONLINE</paymentmode>
        <price>200</price>
    </FOURWHEELER>
    <FOURWHEELER>
        <Servicename>ENGINE REPAIRING</name>
        <time>1.5 HOUR</time>
        <paymentmode>COD, ONLINE</paymentmode>
        <price>6000</price>
    </FOURWHEELER>
    <FOURWHEELER>
        <Servicename>BRAKE REPAIRING</name>
        <time>0.5 HOUR</time>
        <paymentmode>COD, ONLINE</paymentmode>
        <price>600</price>
    </FOURWHEELER>
</productinfo>    